{
	"info": {
		"_postman_id": "ae8a177d-ea15-4564-a6e8-73b4d1a95483",
		"name": "DEW2024-Ex6-Projects",
		"description": "API REST",
		"schema": "https://schema.getpostman.com/json/collection/v2.1.0/collection.json",
		"_exporter_id": "2851145"
	},
	"item": [
		{
			"name": "Projects",
			"item": [
				{
					"name": "Get all projects",
					"request": {
						"method": "GET",
						"header": [],
						"url": {
							"raw": "localhost:3000/api/project",
							"host": [
								"localhost"
							],
							"port": "3000",
							"path": [
								"api",
								"project"
							]
						},
						"description": "Muestra todos los projectos. Pero solo los campos id y name."
					},
					"response": []
				},
				{
					"name": "Get project by id.",
					"request": {
						"method": "GET",
						"header": [],
						"url": {
							"raw": "localhost:3000/api/project/5",
							"host": [
								"localhost"
							],
							"port": "3000",
							"path": [
								"api",
								"project",
								"5"
							]
						},
						"description": "Devuelve todos los datos del proyecto solicitado:\n\nid, name, description, taskCount, totalHours.\n\n- taskCount es el número de tareas asignadas.\n    \n- totalHours son las horas del proyecto. Suma las horas de las tareas asignadas a dicho proyecto."
					},
					"response": []
				},
				{
					"name": "Create a new project",
					"request": {
						"method": "POST",
						"header": [
							{
								"key": "Cache-Control",
								"value": "no-cache",
								"name": "cache-control",
								"type": "text"
							},
							{
								"key": "Postman-Token",
								"value": "<calculated when request is sent>",
								"name": "postman-token",
								"type": "text"
							},
							{
								"key": "Content-Length",
								"value": "0",
								"name": "content-length",
								"type": "text"
							},
							{
								"key": "Host",
								"value": "<calculated when request is sent>",
								"name": "host",
								"type": "text"
							},
							{
								"key": "User-Agent",
								"value": "PostmanRuntime/7.39.1",
								"name": "user-agent",
								"type": "text"
							},
							{
								"key": "Accept",
								"value": "*/*",
								"name": "accept",
								"type": "text"
							},
							{
								"key": "Accept-Encoding",
								"value": "gzip, deflate, br",
								"name": "accept-encoding",
								"type": "text"
							},
							{
								"key": "Connection",
								"value": "keep-alive",
								"name": "connection",
								"type": "text"
							},
							{
								"key": "Content-Type",
								"value": "application/json",
								"type": "text"
							}
						],
						"body": {
							"mode": "raw",
							"raw": "{\r\n    \"name\": \"Proyecto aprobar DEW\",\r\n    \"description\": \"Voy a realizar este examen muy bien. Se hacer las peticiones AJAX correctamente y el almacenamiento local lo tengo dominado. Así me aseguro buena nota.\"\r\n}",
							"options": {
								"raw": {
									"language": "json"
								}
							}
						},
						"url": {
							"raw": "http://localhost:3000/api/project",
							"protocol": "http",
							"host": [
								"localhost"
							],
							"port": "3000",
							"path": [
								"api",
								"project"
							]
						},
						"description": "Crea un proyecto a partir de name y description"
					},
					"response": []
				},
				{
					"name": "Update a project",
					"request": {
						"method": "PUT",
						"header": [
							{
								"key": "Cache-Control",
								"value": "no-cache",
								"name": "cache-control",
								"type": "text"
							},
							{
								"key": "Postman-Token",
								"value": "<calculated when request is sent>",
								"name": "postman-token",
								"type": "text"
							},
							{
								"key": "Content-Length",
								"value": "0",
								"name": "content-length",
								"type": "text"
							},
							{
								"key": "Host",
								"value": "<calculated when request is sent>",
								"name": "host",
								"type": "text"
							},
							{
								"key": "User-Agent",
								"value": "PostmanRuntime/7.39.1",
								"name": "user-agent",
								"type": "text"
							},
							{
								"key": "Accept",
								"value": "*/*",
								"name": "accept",
								"type": "text"
							},
							{
								"key": "Accept-Encoding",
								"value": "gzip, deflate, br",
								"name": "accept-encoding",
								"type": "text"
							},
							{
								"key": "Connection",
								"value": "keep-alive",
								"name": "connection",
								"type": "text"
							},
							{
								"key": "Content-Type",
								"value": "application/json",
								"type": "text"
							}
						],
						"body": {
							"mode": "raw",
							"raw": "{\r\n    \"name\": \"Conseguir buena nota en DEW\",\r\n    \"description\": \"Voy a realizar todos los apartados con código limpio y eficiente\"\r\n}",
							"options": {
								"raw": {
									"language": "json"
								}
							}
						},
						"url": {
							"raw": "http://localhost:3000/api/project/11",
							"protocol": "http",
							"host": [
								"localhost"
							],
							"port": "3000",
							"path": [
								"api",
								"project",
								"11"
							]
						},
						"description": "Modifica un proyecto.\n\nEl id está en la URL\n\nLos campos name y description van en el body."
					},
					"response": []
				},
				{
					"name": "Delete proyect",
					"request": {
						"method": "DELETE",
						"header": [],
						"url": {
							"raw": "http://localhost:3000/api/project/7",
							"protocol": "http",
							"host": [
								"localhost"
							],
							"port": "3000",
							"path": [
								"api",
								"project",
								"7"
							]
						},
						"description": "Elimina el proyecto que se indica en la url"
					},
					"response": []
				}
			],
			"description": "API Rest para el examen de DEW Tema 5 y 6 Ajax y almacenamiento local."
		},
		{
			"name": "Tasks",
			"item": [
				{
					"name": "Get all tasks",
					"request": {
						"method": "GET",
						"header": [],
						"url": {
							"raw": "http://localhost:3000/api/task",
							"protocol": "http",
							"host": [
								"localhost"
							],
							"port": "3000",
							"path": [
								"api",
								"task"
							]
						}
					},
					"response": []
				},
				{
					"name": "Get tasks of a project",
					"request": {
						"method": "GET",
						"header": [],
						"url": {
							"raw": "http://localhost:3000/api/project/21/task",
							"protocol": "http",
							"host": [
								"localhost"
							],
							"port": "3000",
							"path": [
								"api",
								"project",
								"21",
								"task"
							]
						},
						"description": "Muestra las tareas del proyecto que se indica en la url"
					},
					"response": []
				},
				{
					"name": "Create a new task",
					"request": {
						"method": "POST",
						"header": [
							{
								"key": "Cache-Control",
								"value": "no-cache",
								"name": "cache-control",
								"type": "text"
							},
							{
								"key": "Postman-Token",
								"value": "<calculated when request is sent>",
								"name": "postman-token",
								"type": "text"
							},
							{
								"key": "Content-Length",
								"value": "0",
								"name": "content-length",
								"type": "text"
							},
							{
								"key": "Host",
								"value": "<calculated when request is sent>",
								"name": "host",
								"type": "text"
							},
							{
								"key": "User-Agent",
								"value": "PostmanRuntime/7.39.1",
								"name": "user-agent",
								"type": "text"
							},
							{
								"key": "Accept",
								"value": "*/*",
								"name": "accept",
								"type": "text"
							},
							{
								"key": "Accept-Encoding",
								"value": "gzip, deflate, br",
								"name": "accept-encoding",
								"type": "text"
							},
							{
								"key": "Connection",
								"value": "keep-alive",
								"name": "connection",
								"type": "text"
							},
							{
								"key": "Content-Type",
								"value": "application/json",
								"type": "text"
							}
						],
						"body": {
							"mode": "raw",
							"raw": "{\r\n   \"project_id\": 2,\r\n   \"concept\": \"Borrar el bugs eliminando la línea de código que la genera\",\r\n   \"duration\": 1\r\n}",
							"options": {
								"raw": {
									"language": "json"
								}
							}
						},
						"url": {
							"raw": "http://localhost:3000/api/task",
							"protocol": "http",
							"host": [
								"localhost"
							],
							"port": "3000",
							"path": [
								"api",
								"task"
							]
						}
					},
					"response": []
				},
				{
					"name": "Update a task",
					"request": {
						"method": "PUT",
						"header": [
							{
								"key": "Cache-Control",
								"value": "no-cache",
								"name": "cache-control",
								"type": "text"
							},
							{
								"key": "Postman-Token",
								"value": "<calculated when request is sent>",
								"name": "postman-token",
								"type": "text"
							},
							{
								"key": "Content-Length",
								"value": "0",
								"name": "content-length",
								"type": "text"
							},
							{
								"key": "Host",
								"value": "<calculated when request is sent>",
								"name": "host",
								"type": "text"
							},
							{
								"key": "User-Agent",
								"value": "PostmanRuntime/7.39.1",
								"name": "user-agent",
								"type": "text"
							},
							{
								"key": "Accept",
								"value": "*/*",
								"name": "accept",
								"type": "text"
							},
							{
								"key": "Accept-Encoding",
								"value": "gzip, deflate, br",
								"name": "accept-encoding",
								"type": "text"
							},
							{
								"key": "Connection",
								"value": "keep-alive",
								"name": "connection",
								"type": "text"
							},
							{
								"key": "Content-Type",
								"value": "application/json",
								"type": "text"
							}
						],
						"body": {
							"mode": "raw",
							"raw": "{\r\n   \"project_id\": 2,\r\n   \"concept\": \"Borrar el bugs eliminando todo el archivo que la genera\",\r\n   \"duration\": 4\r\n}",
							"options": {
								"raw": {
									"language": "json"
								}
							}
						},
						"url": {
							"raw": "http://localhost:3000/api/task/59",
							"protocol": "http",
							"host": [
								"localhost"
							],
							"port": "3000",
							"path": [
								"api",
								"task",
								"59"
							]
						}
					},
					"response": []
				},
				{
					"name": "Delete task",
					"request": {
						"method": "DELETE",
						"header": [
							{
								"key": "Cache-Control",
								"value": "no-cache",
								"name": "cache-control",
								"type": "text"
							},
							{
								"key": "Postman-Token",
								"value": "<calculated when request is sent>",
								"name": "postman-token",
								"type": "text"
							},
							{
								"key": "Content-Type",
								"value": "application/json",
								"name": "content-type",
								"type": "text"
							},
							{
								"key": "Content-Length",
								"value": "<calculated when request is sent>",
								"name": "content-length",
								"type": "text"
							},
							{
								"key": "Host",
								"value": "<calculated when request is sent>",
								"name": "host",
								"type": "text"
							},
							{
								"key": "User-Agent",
								"value": "PostmanRuntime/7.39.1",
								"name": "user-agent",
								"type": "text"
							},
							{
								"key": "Accept",
								"value": "*/*",
								"name": "accept",
								"type": "text"
							},
							{
								"key": "Accept-Encoding",
								"value": "gzip, deflate, br",
								"name": "accept-encoding",
								"type": "text"
							},
							{
								"key": "Connection",
								"value": "keep-alive",
								"name": "connection",
								"type": "text"
							}
						],
						"url": {
							"raw": "http://localhost:3000/api/task/59",
							"protocol": "http",
							"host": [
								"localhost"
							],
							"port": "3000",
							"path": [
								"api",
								"task",
								"59"
							]
						}
					},
					"response": []
				}
			]
		},
		{
			"name": "Employees",
			"item": [
				{
					"name": "Get all employees",
					"request": {
						"method": "GET",
						"header": [],
						"url": {
							"raw": "http://localhost:3000/api/employee",
							"protocol": "http",
							"host": [
								"localhost"
							],
							"port": "3000",
							"path": [
								"api",
								"employee"
							]
						}
					},
					"response": []
				},
				{
					"name": "Get employee by id",
					"request": {
						"method": "GET",
						"header": [],
						"url": {
							"raw": "http://localhost:3000/api/employee/3",
							"protocol": "http",
							"host": [
								"localhost"
							],
							"port": "3000",
							"path": [
								"api",
								"employee",
								"3"
							]
						}
					},
					"response": []
				},
				{
					"name": "Create a employee",
					"request": {
						"method": "POST",
						"header": [
							{
								"key": "Cache-Control",
								"value": "no-cache",
								"name": "cache-control",
								"type": "text"
							},
							{
								"key": "Postman-Token",
								"value": "<calculated when request is sent>",
								"name": "postman-token",
								"type": "text"
							},
							{
								"key": "Content-Type",
								"value": "application/json",
								"name": "content-type",
								"type": "text"
							},
							{
								"key": "Content-Length",
								"value": "<calculated when request is sent>",
								"name": "content-length",
								"type": "text"
							},
							{
								"key": "Host",
								"value": "<calculated when request is sent>",
								"name": "host",
								"type": "text"
							},
							{
								"key": "User-Agent",
								"value": "PostmanRuntime/7.39.1",
								"name": "user-agent",
								"type": "text"
							},
							{
								"key": "Accept",
								"value": "*/*",
								"name": "accept",
								"type": "text"
							},
							{
								"key": "Accept-Encoding",
								"value": "gzip, deflate, br",
								"name": "accept-encoding",
								"type": "text"
							},
							{
								"key": "Connection",
								"value": "keep-alive",
								"name": "connection",
								"type": "text"
							},
							{
								"key": "Content-Type",
								"value": "application/json",
								"type": "text"
							}
						],
						"body": {
							"mode": "raw",
							"raw": "{ \r\n    \r\n    \"name\": \"Pepe Pepón\", \r\n    \"role\": \"Creative Director\", \r\n    \"hourCost\": 85 \r\n}",
							"options": {
								"raw": {
									"language": "json"
								}
							}
						},
						"url": {
							"raw": "http://localhost:3000/api/employee",
							"protocol": "http",
							"host": [
								"localhost"
							],
							"port": "3000",
							"path": [
								"api",
								"employee"
							]
						}
					},
					"response": []
				},
				{
					"name": "Update a employee",
					"request": {
						"method": "PUT",
						"header": [],
						"body": {
							"mode": "raw",
							"raw": "{ \r\n    \"name\": \"Ana Laesa\", \r\n    \"role\": \"Executive Director\", \r\n    \"hourCost\": 150 \r\n}",
							"options": {
								"raw": {
									"language": "json"
								}
							}
						},
						"url": {
							"raw": "http://localhost:3000/api/employee/11",
							"protocol": "http",
							"host": [
								"localhost"
							],
							"port": "3000",
							"path": [
								"api",
								"employee",
								"11"
							]
						}
					},
					"response": []
				},
				{
					"name": "Delete employee",
					"request": {
						"method": "DELETE",
						"header": [],
						"url": {
							"raw": "http://localhost:3000/api/employee/11",
							"protocol": "http",
							"host": [
								"localhost"
							],
							"port": "3000",
							"path": [
								"api",
								"employee",
								"11"
							]
						}
					},
					"response": []
				},
				{
					"name": "Get tasks of a employee",
					"request": {
						"method": "GET",
						"header": [],
						"url": {
							"raw": "http://localhost:3000/api/employee/6/task",
							"protocol": "http",
							"host": [
								"localhost"
							],
							"port": "3000",
							"path": [
								"api",
								"employee",
								"6",
								"task"
							]
						}
					},
					"response": []
				}
			]
		},
		{
			"name": "Assignments",
			"item": [
				{
					"name": "Get all assignments",
					"request": {
						"method": "GET",
						"header": [],
						"url": {
							"raw": "http://localhost:3000/api/assignment",
							"protocol": "http",
							"host": [
								"localhost"
							],
							"port": "3000",
							"path": [
								"api",
								"assignment"
							]
						}
					},
					"response": []
				},
				{
					"name": "Create a assignment",
					"request": {
						"method": "POST",
						"header": [],
						"body": {
							"mode": "raw",
							"raw": "  { \r\n      \"task_id\": 40, \r\n      \"employee_id\": 2 \r\n}",
							"options": {
								"raw": {
									"language": "json"
								}
							}
						},
						"url": {
							"raw": "http://localhost:3000/api/assignment",
							"protocol": "http",
							"host": [
								"localhost"
							],
							"port": "3000",
							"path": [
								"api",
								"assignment"
							]
						}
					},
					"response": []
				}
			]
		}
	]
}