[
  { "task_id": 28, "employee_id": 2 },
  { "task_id": 28, "employee_id": 6 },
  { "task_id": 29, "employee_id": 1 },
  { "task_id": 29, "employee_id": 5 },
  { "task_id": 30, "employee_id": 1 },
  { "task_id": 31, "employee_id": 7 },
  { "task_id": 32, "employee_id": 1 },
  { "task_id": 32, "employee_id": 5 },
  { "task_id": 33, "employee_id": 2 },
  { "task_id": 34, "employee_id": 1 },
  { "task_id": 34, "employee_id": 9 },
  { "task_id": 35, "employee_id": 3 },
  { "task_id": 36, "employee_id": 4 },
  { "task_id": 37, "employee_id": 7 },
  { "task_id": 38, "employee_id": 2 },
  { "task_id": 39, "employee_id": 6 },
  { "task_id": 40, "employee_id": 1 },
  { "task_id": 41, "employee_id": 3 },
  { "task_id": 42, "employee_id": 4 },
  { "task_id": 43, "employee_id": 7 },
  { "task_id": 44, "employee_id": 2 },
  { "task_id": 45, "employee_id": 6 },
  { "task_id": 46, "employee_id": 1 },
  { "task_id": 47, "employee_id": 5 },
  { "task_id": 48, "employee_id": 7 },
  { "task_id": 49, "employee_id": 9 },
  { "task_id": 50, "employee_id": 1 },
  { "task_id": 51, "employee_id": 8 },
  { "task_id": 52, "employee_id": 8 },
  { "task_id": 53, "employee_id": 1 },
  { "task_id": 54, "employee_id": 5 },
  { "task_id": 55, "employee_id": 9 },
  { "task_id": 56, "employee_id": 6 },
  { "task_id": 57, "employee_id": 7 },
  { "task_id": 58, "employee_id": 1 }
]
