[
  {
    "id": 28,
    "project_id": 1,
    "concept": "Diseñar interfaz de usuario",
    "duration": 40
  },
  {
    "id": 29,
    "project_id": 1,
    "concept": "Implementar notificaciones push",
    "duration": 20
  },
  {
    "id": 30,
    "project_id": 1,
    "concept": "Optimizar consumo de batería",
    "duration": 25
  },
  {
    "id": 31,
    "project_id": 1,
    "concept": "Analizar fatiga del usuario para recomendar café",
    "duration": 70
  },
  {
    "id": 32,
    "project_id": 2,
    "concept": "Implementar algoritmo de detección de bugs",
    "duration": 80
  },
  {
    "id": 33,
    "project_id": 2,
    "concept": "Crear interfaz de usuario para depuración",
    "duration": 50
  },
  {
    "id": 34,
    "project_id": 2,
    "concept": "Desarrollar módulo de análisis de comportamiento de bugs",
    "duration": 70
  },
  {
    "id": 35,
    "project_id": 3,
    "concept": "Desarrollar generador de excusas",
    "duration": 15
  },
  {
    "id": 36,
    "project_id": 3,
    "concept": "Crear base de datos de excusas",
    "duration": 245
  },
  {
    "id": 37,
    "project_id": 3,
    "concept": "Implementar API de excusas",
    "duration": 16
  },
  {
    "id": 38,
    "project_id": 3,
    "concept": "Diseñar interfaz de usuario para generador de excusas",
    "duration": 27
  },
  {
    "id": 39,
    "project_id": 3,
    "concept": "Añadir excusas divertidas y creativas",
    "duration": 30
  },
  {
    "id": 40,
    "project_id": 3,
    "concept": "Optimizar rendimiento del generador de excusas",
    "duration": 25
  },
  {
    "id": 41,
    "project_id": 3,
    "concept": "Realizar pruebas de usabilidad",
    "duration": 40
  },
  {
    "id": 42,
    "project_id": 3,
    "concept": "Analizar patrones de uso para mejorar excusas",
    "duration": 60
  },
  {
    "id": 43,
    "project_id": 4,
    "concept": "Integrar API de Stack Overflow",
    "duration": 60
  },
  {
    "id": 44,
    "project_id": 5,
    "concept": "Diseñar pantalla azul de la muerte",
    "duration": 30
  },
  {
    "id": 45,
    "project_id": 5,
    "concept": "Añadir efectos de sonido aterradores a la pantalla azul",
    "duration": 20
  },
  {
    "id": 46,
    "project_id": 6,
    "concept": "Desarrollar diccionario de jerga",
    "duration": 700
  },
  {
    "id": 47,
    "project_id": 6,
    "concept": "Traducir términos técnicos comunes",
    "duration": 400
  },
  {
    "id": 48,
    "project_id": 6,
    "concept": "Implementar búsqueda de términos",
    "duration": 5
  },
  {
    "id": 49,
    "project_id": 6,
    "concept": "Añadir términos divertidos y creativos",
    "duration": 300
  },
  {
    "id": 50,
    "project_id": 6,
    "concept": "Optimizar rendimiento del traductor",
    "duration": 60
  },
  {
    "id": 51,
    "project_id": 9,
    "concept": "Simular reunión de 3 horas sobre nada",
    "duration": 3
  },
  {
    "id": 52,
    "project_id": 9,
    "concept": "Crear agenda de reuniones inútiles",
    "duration": 2
  },
  {
    "id": 53,
    "project_id": 10,
    "concept": "Analizar código para detectar espaguetis",
    "duration": 50
  },
  {
    "id": 54,
    "project_id": 10,
    "concept": "Generar informe de código espagueti",
    "duration": 40
  },
  {
    "id": 55,
    "project_id": 10,
    "concept": "Revisar código para optimización",
    "duration": 60
  },
  {
    "id": 56,
    "project_id": 10,
    "concept": "Crear documentación de código con memes",
    "duration": 30
  },
  {
    "id": 57,
    "project_id": 10,
    "concept": "Implementar pruebas unitarias con mensajes divertidos",
    "duration": 50
  },
  {
    "id": 58,
    "project_id": 10,
    "concept": "Refactorizar módulos con nombres graciosos",
    "duration": 40
  }
]